alexandria, ghcr.io/ocicl/alexandria@sha256:407634b0781b2d8fc3e55a30432bcb5d0c042af2feb2d1d72de825940b0fb0df, alexandria-20260812-f283e25/alexandria.asd
asdf-macos-app, ghcr.io/ocicl/asdf-macos-app@sha256:91c3bd53afe32d6175fd915d35244e8efe00ae23292b021c01fe272a01d839c4, asdf-macos-app-20260910-3e21b33/asdf-macos-app.asd
babel, ghcr.io/ocicl/babel@sha256:9d9fcde71acc2b5c39572de4f11756a08c1d8801caa86c581b85dabaa35928b3, babel-20250905-4eaf3f2/babel.asd
babel-streams, ghcr.io/ocicl/babel@sha256:9d9fcde71acc2b5c39572de4f11756a08c1d8801caa86c581b85dabaa35928b3, babel-20250905-4eaf3f2/babel-streams.asd
babel-tests, ghcr.io/ocicl/babel@sha256:9d9fcde71acc2b5c39572de4f11756a08c1d8801caa86c581b85dabaa35928b3, babel-20250905-4eaf3f2/babel-tests.asd
bordeaux-threads, ghcr.io/ocicl/bordeaux-threads@sha256:bbb32afe3987e102149cc019f4f7366a05f7a37d1503f5f86a27745e671c320a, bordeaux-threads-0.9.4/bordeaux-threads.asd
cffi, ghcr.io/ocicl/cffi@sha256:ff62b9cedea80fe2c6ea0701757e2b301b6ee9aafa1ae720966ff2611e94f76b, cffi-20260821-787d3cd/cffi.asd
cffi-examples, ghcr.io/ocicl/cffi@sha256:ff62b9cedea80fe2c6ea0701757e2b301b6ee9aafa1ae720966ff2611e94f76b, cffi-20260821-787d3cd/cffi-examples.asd
cffi-grovel, ghcr.io/ocicl/cffi@sha256:ff62b9cedea80fe2c6ea0701757e2b301b6ee9aafa1ae720966ff2611e94f76b, cffi-20260821-787d3cd/cffi-grovel.asd
cffi-libffi, ghcr.io/ocicl/cffi@sha256:ff62b9cedea80fe2c6ea0701757e2b301b6ee9aafa1ae720966ff2611e94f76b, cffi-20260821-787d3cd/cffi-libffi.asd
cffi-tests, ghcr.io/ocicl/cffi@sha256:ff62b9cedea80fe2c6ea0701757e2b301b6ee9aafa1ae720966ff2611e94f76b, cffi-20260821-787d3cd/cffi-tests.asd
cffi-toolchain, ghcr.io/ocicl/cffi@sha256:ff62b9cedea80fe2c6ea0701757e2b301b6ee9aafa1ae720966ff2611e94f76b, cffi-20260821-787d3cd/cffi-toolchain.asd
cffi-uffi-compat, ghcr.io/ocicl/cffi@sha256:ff62b9cedea80fe2c6ea0701757e2b301b6ee9aafa1ae720966ff2611e94f76b, cffi-20260821-787d3cd/cffi-uffi-compat.asd
closer-mop, ghcr.io/ocicl/closer-mop@sha256:39ec579e68118a8be57a7882812ff31094a031f88b77f11cf4434a92261f1126, closer-mop-20260329-04db182/closer-mop.asd
com.inuoe.jzon, ghcr.io/ocicl/com.inuoe.jzon@sha256:b0cfbc3d8fb3c09526d92575b40b13a68ad93be7edeb48fd69dcea053c5611a5, jzon-20251113-f05afbb/com.inuoe.jzon.asd
com.inuoe.jzon-tests, ghcr.io/ocicl/com.inuoe.jzon@sha256:b0cfbc3d8fb3c09526d92575b40b13a68ad93be7edeb48fd69dcea053c5611a5, jzon-20251113-f05afbb/com.inuoe.jzon-tests.asd
documentation-utils, ghcr.io/ocicl/documentation-utils@sha256:b2a1b3f3bcd1a738af85ae2b0168d408c177661eab6d6bbebb254e394d983f54, documentation-utils-20230511-98630dd/documentation-utils.asd
fiveam, ghcr.io/ocicl/fiveam@sha256:e283043dc8d31e8df2b214465cf5a06ea07bdbea10e600a40e17aaf9518226ac, fiveam-20240928-e43d6c8/fiveam.asd
flexi-streams, ghcr.io/ocicl/flexi-streams@sha256:95005b06a8a95c82780c75ead53810bcb273d07fcf5fe76b527f1856df9923f2, flexi-streams-20240503-4951d57/flexi-streams.asd
flexi-streams-test, ghcr.io/ocicl/flexi-streams@sha256:95005b06a8a95c82780c75ead53810bcb273d07fcf5fe76b527f1856df9923f2, flexi-streams-20240503-4951d57/flexi-streams-test.asd
float-features, ghcr.io/ocicl/float-features@sha256:8c6019d2c33036229a3a6c81185c3eb7588e5a8c3e9fc1f4eb40939a64c223b9, float-features-20260820-5f54e87/float-features.asd
global-vars, ghcr.io/ocicl/global-vars@sha256:d197e871c9c9abc4bf31b1186f5fd28f0ca848ebe2e9dddf2d82ecee01dbdc65, global-vars-20240503-c749f32/global-vars.asd
global-vars-test, ghcr.io/ocicl/global-vars@sha256:d197e871c9c9abc4bf31b1186f5fd28f0ca848ebe2e9dddf2d82ecee01dbdc65, global-vars-20240503-c749f32/global-vars-test.asd
multilang-documentation-utils, ghcr.io/ocicl/documentation-utils@sha256:b2a1b3f3bcd1a738af85ae2b0168d408c177661eab6d6bbebb254e394d983f54, documentation-utils-20230511-98630dd/multilang-documentation-utils.asd
net.didierverna.asdf-flv, ghcr.io/ocicl/net.didierverna.asdf-flv@sha256:e5cd087d41cf24302a92d9bac426a925f8868b554be2414c0f012c961e3ddb8c, asdf-flv-20240503-3f1de41/net.didierverna.asdf-flv.asd
notes-app, ghcr.io/ocicl/objc@sha256:31c03037330aa66c33b10644fd47615a5baadeb3a1811e4eb9d2dee175a41cd3, objc-20260912-809b322/examples/notes-app/notes-app.asd
objc, ghcr.io/ocicl/objc@sha256:31c03037330aa66c33b10644fd47615a5baadeb3a1811e4eb9d2dee175a41cd3, objc-20260912-809b322/objc.asd
trivial-backtrace, ghcr.io/ocicl/trivial-backtrace@sha256:89a3138695bb767c50001402fad60dacfc1e867e4e3d3579cc6f636d3e29a51c, trivial-backtrace-20240503-7f90b4a/trivial-backtrace.asd
trivial-backtrace-test, ghcr.io/ocicl/trivial-backtrace@sha256:89a3138695bb767c50001402fad60dacfc1e867e4e3d3579cc6f636d3e29a51c, trivial-backtrace-20240503-7f90b4a/trivial-backtrace-test.asd
trivial-features, ghcr.io/ocicl/trivial-features@sha256:ab71fa7a6cbef84578616795f3af8ebb09d3bce1e6b89da3fc80db19236cc5b4, trivial-features-20260908-828246a/trivial-features.asd
trivial-features-tests, ghcr.io/ocicl/trivial-features@sha256:ab71fa7a6cbef84578616795f3af8ebb09d3bce1e6b89da3fc80db19236cc5b4, trivial-features-20260908-828246a/trivial-features-tests.asd
trivial-garbage, ghcr.io/ocicl/trivial-garbage@sha256:e76c38568f7ff0a2564ab47e27e0b2293f00f258e6510f2abec4d46920f2c4db, trivial-garbage-20260829-f0663f7/trivial-garbage.asd
trivial-gray-streams, ghcr.io/ocicl/trivial-gray-streams@sha256:9d702556e5973fd18e67642b18bd5a2f901972ef7d5b134615e2f5fd77396bb9, trivial-gray-streams-20260818-257d73e/trivial-gray-streams.asd
trivial-gray-streams-test, ghcr.io/ocicl/trivial-gray-streams@sha256:9d702556e5973fd18e67642b18bd5a2f901972ef7d5b134615e2f5fd77396bb9, trivial-gray-streams-20260818-257d73e/trivial-gray-streams-test.asd
trivial-indent, ghcr.io/ocicl/trivial-indent@sha256:d6fbd17596902035519516d5a1dfb96e535cb8f1098dc1ba0753b975bdf5c21f, trivial-indent-20260912-7281fb0/trivial-indent.asd
trivial-main-thread, ghcr.io/ocicl/trivial-main-thread@sha256:341b7b7e33f96dc9ae8cf1e24396823ff7071be6ac9403c5780a22e70eddaac0, trivial-main-thread-20260812-f237084/trivial-main-thread.asd
uffi, ghcr.io/ocicl/cffi@sha256:ff62b9cedea80fe2c6ea0701757e2b301b6ee9aafa1ae720966ff2611e94f76b, cffi-20260821-787d3cd/uffi-compat/uffi.asd
